// Parent,Child,URL
태국,방콕,https://tour.danawa.com/list/4
태국,푸켓,https://tour.danawa.com/list/5
태국,치앙마이,https://tour.danawa.com/list/6
태국,파타야,https://tour.danawa.com/list/7
태국,카오락,https://tour.danawa.com/list/8
태국,칸차나부리,https://tour.danawa.com/list/11
태국,카오야이,https://tour.danawa.com/list/12
태국,코사무이,https://tour.danawa.com/list/14
필리핀,세부,https://tour.danawa.com/list/18
필리핀,보홀,https://tour.danawa.com/list/20
필리핀,보라카이,https://tour.danawa.com/list/19
필리핀,마닐라,https://tour.danawa.com/list/17
필리핀,클락,https://tour.danawa.com/list/22
필리핀,수빅,https://tour.danawa.com/list/18001379
베트남,다낭,https://tour.danawa.com/list/26
베트남,나트랑,https://tour.danawa.com/list/27
베트남,하노이,https://tour.danawa.com/list/25
베트남,호치민,https://tour.danawa.com/list/28
베트남,달랏,https://tour.danawa.com/list/18341661
베트남,판티엣,https://tour.danawa.com/list/18341662
베트남,푸꾸옥,https://tour.danawa.com/list/18030186
캄보디아,씨엠립,https://tour.danawa.com/list/31
말레이시아,코타키나발루,https://tour.danawa.com/list/36
말레이시아,쿠알라룸푸르,https://tour.danawa.com/list/35
말레이시아,조호바루,https://tour.danawa.com/list/40
인도네시아,발리,https://tour.danawa.com/list/43
라오스,비엔티엔,https://tour.danawa.com/list/49
라오스,방비엥,https://tour.danawa.com/list/50
라오스,루앙프라방,https://tour.danawa.com/list/51
미얀마,양곤,https://tour.danawa.com/list/53
대만,타이페이,https://tour.danawa.com/list/62
대만,타이중,https://tour.danawa.com/list/63
대만,가오슝,https://tour.danawa.com/list/64
싱가포르,싱가포르,https://tour.danawa.com/list/58
브루나이,브루나이,https://tour.danawa.com/list/18030191
중국,장가계,https://tour.danawa.com/list/78
중국,홍콩,https://tour.danawa.com/list/142
중국,마카오,https://tour.danawa.com/list/143
중국,북경,https://tour.danawa.com/list/67
중국,상해,https://tour.danawa.com/list/73
중국,계림,https://tour.danawa.com/list/18001390
중국,양삭,https://tour.danawa.com/list/95
중국,광저우,https://tour.danawa.com/list/17000852
중국,산동성,https://tour.danawa.com/list/98
중국,황산,https://tour.danawa.com/list/85
중국,삼청산,https://tour.danawa.com/list/86
중국,서안,https://tour.danawa.com/list/136
중국,성도,https://tour.danawa.com/list/128
중국,대련,https://tour.danawa.com/list/133
몽골,몽골,https://tour.danawa.com/list/145
일본,오사카,https://tour.danawa.com/list/193
일본,후쿠오카,https://tour.danawa.com/list/18207756
일본,벳부,https://tour.danawa.com/list/170
일본,유후인,https://tour.danawa.com/list/18339626
일본,나가사키,https://tour.danawa.com/list/169
일본,미야자키,https://tour.danawa.com/list/177
일본,가고시마,https://tour.danawa.com/list/176
일본,오키나와,https://tour.danawa.com/list/18207758
일본,도쿄,https://tour.danawa.com/list/158
일본,훗카이도,https://tour.danawa.com/list/181
일본,도야마,https://tour.danawa.com/list/196
일본,요나고,https://tour.danawa.com/list/204
일본,오카야마,https://tour.danawa.com/list/207
남태평양,괌,https://tour.danawa.com/list/232
남태평양,사이판,https://tour.danawa.com/list/234
남태평양,호주,https://tour.danawa.com/list/217
남태평양,뉴질랜드,https://tour.danawa.com/list/227
유럽,서유럽,https://tour.danawa.com/list/244
유럽,동유럽-발칸,https://tour.danawa.com/list/255
유럽,북유럽-발틱,https://tour.danawa.com/list/269
유럽,지중해,https://tour.danawa.com/list/279
유럽,중앙아시아-코카서스,https://tour.danawa.com/list/286
아프리카,모리셔스,https://tour.danawa.com/list/2178880
중동,아랍에미레이트,https://tour.danawa.com/list/304
중동,이스라엘,https://tour.danawa.com/list/305
중동,요르단,https://tour.danawa.com/list/306
중동,카타르,https://tour.danawa.com/list/3434563
중동,사우디아라비아,https://tour.danawa.com/list/18781107
서남아시아,인도,https://tour.danawa.com/list/310
서남아시아,네팔,https://tour.danawa.com/list/311
서남아시아,몰디브,https://tour.danawa.com/list/314
미국,미동부,https://tour.danawa.com/list/317
미국,미서부,https://tour.danawa.com/list/324
미국,하와이,https://tour.danawa.com/list/341
캐나다,벤쿠버,https://tour.danawa.com/list/347
캐나다,빅토리아,https://tour.danawa.com/list/348
캐나다,오타와,https://tour.danawa.com/list/350
캐나다,토론토,https://tour.danawa.com/list/351
캐나다,밴프,https://tour.danawa.com/list/353
캐나다,퀘백,https://tour.danawa.com/list/354
캐나다,몬트리올,https://tour.danawa.com/list/355
캐나다,나이아가라,https://tour.danawa.com/list/357
중남미,쿠바,https://tour.danawa.com/list/360
중남미,멕시코,https://tour.danawa.com/list/361
중남미,브라질,https://tour.danawa.com/list/362
중남미,볼리비아,https://tour.danawa.com/list/367
중남미,페루,https://tour.danawa.com/list/365